{
    "loss": 1.0501456260681152,
    "accuracy": 0.8899999856948853
}