{
    "loss": 2.2005248069763184,
    "accuracy": 0.8533333539962769
}